merchant,prediction_date,risk_score,alert
fraud_Kuhn LLC,2020-06-08,0.9119676391320598,1
fraud_Kilback LLC,2020-05-06,0.8979580767060842,1
fraud_Kilback LLC,2020-05-29,0.8961113440028069,1
"fraud_Schoen, Kuphal and Nitzsche",2020-05-14,0.8943437291916707,1
fraud_Doyle Ltd,2020-05-14,0.8939685549186512,1
fraud_Doyle Ltd,2020-05-13,0.8932311050406587,1
fraud_Kiehn Inc,2020-05-14,0.8932311050406587,1
fraud_Barton Inc,2020-06-06,0.8902732848534566,1
fraud_Kuhn LLC,2020-06-14,0.8881437083701591,1
fraud_Cormier LLC,2020-06-09,0.886770449152636,1
fraud_Schumm PLC,2020-06-05,0.8833442955869206,1
"fraud_Schoen, Kuphal and Nitzsche",2020-05-13,0.8832803565892337,1
"fraud_Weimann, Kuhic and Beahan",2020-06-09,0.8829893409989842,1
"fraud_Weimann, Kuhic and Beahan",2020-06-10,0.8730143575052991,1
fraud_Doyle Ltd,2020-05-11,0.8723314101498485,1
fraud_Bradtke PLC,2020-06-08,0.8723155986996463,1
fraud_Stracke-Lemke,2020-05-31,0.8715659782944313,1
fraud_Kuhn LLC,2020-06-13,0.8708688290847104,1
fraud_Cormier LLC,2020-05-25,0.8682451053914836,1
fraud_Kuhn LLC,2020-05-31,0.8674254440659944,1
fraud_Doyle Ltd,2020-05-09,0.8670486461165585,1
fraud_Doyle Ltd,2020-05-10,0.8670486461165585,1
fraud_Kilback LLC,2020-05-18,0.8669549741406254,1
fraud_Torphy-Goyette,2020-05-18,0.8669011825471871,1
fraud_Goodwin-Nitzsche,2020-06-13,0.8667214601424678,1
fraud_Kilback LLC,2020-05-07,0.8658138234830598,1
fraud_Barton Inc,2020-06-02,0.8645361003785829,1
fraud_Cormier LLC,2020-06-10,0.864409766327181,1
fraud_Kuhn LLC,2020-06-05,0.8640572307202806,1
"fraud_Mosciski, Gislason and Mertz",2020-05-16,0.8635047338688971,1
fraud_Schumm PLC,2020-05-15,0.8623735233133759,1
"fraud_Weimann, Kuhic and Beahan",2020-06-11,0.8617627191219205,1
fraud_Heidenreich PLC,2020-06-06,0.8612851219953603,1
fraud_Rutherford-Mertz,2020-05-21,0.8603874586650251,1
fraud_Miller-Hauck,2020-06-13,0.8597100857052729,1
fraud_Cormier LLC,2020-06-11,0.8595984983101194,1
fraud_Barton Inc,2020-06-10,0.8595661682890338,1
fraud_Schumm PLC,2020-05-26,0.8587422111015006,1
fraud_Schumm PLC,2020-06-08,0.8585330628610613,1
"fraud_Moen, Reinger and Murphy",2020-05-02,0.8578758587694663,1
fraud_Kilback LLC,2020-05-30,0.8573948520586592,1
fraud_Doyle Ltd,2020-06-12,0.8555935179489004,1
fraud_Schumm PLC,2020-05-10,0.8553455563641386,1
"fraud_Schumm, Bauch and Ondricka",2020-05-18,0.8544925363489068,1
fraud_Koepp-Witting,2020-06-12,0.8538102983214103,1
"fraud_Goldner, Kovacek and Abbott",2020-05-10,0.8536291906667485,1
fraud_Bogisich Inc,2020-06-07,0.8534232454974506,1
fraud_DuBuque LLC,2020-06-03,0.8528707825488924,1
"fraud_Langworth, Boehm and Gulgowski",2020-05-12,0.8521997641958019,1
"fraud_Goldner, Kovacek and Abbott",2020-05-09,0.8519729346574526,1
fraud_Hackett-Lueilwitz,2020-05-18,0.851836248430837,1
fraud_Terry-Huel,2020-05-06,0.8516768587143251,1
fraud_Kiehn Inc,2020-06-02,0.8515857165074486,1
fraud_Bauch-Raynor,2020-06-14,0.851148482500642,1
"fraud_Altenwerth, Cartwright and Koss",2020-05-18,0.8507228707471052,1
"fraud_Moen, Reinger and Murphy",2020-05-04,0.8504612071330281,1
fraud_Padberg-Welch,2020-06-09,0.8494451838427987,1
fraud_Kuhn LLC,2020-06-11,0.8490833938950925,1
fraud_Kiehn Inc,2020-06-03,0.8485923367421565,1
fraud_Kuhn LLC,2020-06-12,0.8483951708012059,1
fraud_Hudson-Ratke,2020-05-13,0.8483828470502861,1
fraud_Doyle Ltd,2020-06-13,0.8482698879818475,1
fraud_Goodwin-Nitzsche,2020-05-04,0.8476550616922205,1
fraud_Bauch-Raynor,2020-06-12,0.8475691554146803,1
fraud_Heidenreich PLC,2020-06-07,0.8472538991782704,1
fraud_Rau and Sons,2020-06-12,0.846556824379278,1
"fraud_Weimann, Kuhic and Beahan",2020-06-12,0.8465400873108022,1
fraud_O'Keefe-Hudson,2020-06-01,0.8462323969721888,1
fraud_Kilback LLC,2020-05-02,0.8461620854368668,1
fraud_Goodwin-Nitzsche,2020-06-11,0.8460121336499633,1
fraud_Kiehn Inc,2020-06-06,0.8456040944306914,1
fraud_Bogisich Inc,2020-06-06,0.8455845711395822,1
fraud_Doyle Ltd,2020-06-14,0.844830601436046,1
fraud_Schumm PLC,2020-05-19,0.8447918025966372,1
fraud_Cormier LLC,2020-05-23,0.844703295479345,1
fraud_Rau and Sons,2020-05-17,0.8446913931759273,1
fraud_Torphy-Goyette,2020-05-17,0.8445232865835145,1
fraud_Wolf Inc,2020-06-03,0.8445185347034078,1
fraud_Cormier LLC,2020-05-20,0.8444973820864268,1
fraud_Kuhn LLC,2020-06-09,0.8444229902622983,1
fraud_Cartwright-Harris,2020-05-16,0.8443977152072488,1
fraud_Cartwright-Harris,2020-05-17,0.8443977152072488,1
fraud_Deckow-O'Conner,2020-05-06,0.8443925468036572,1
fraud_Heidenreich PLC,2020-05-12,0.8443128225539036,1
fraud_Wolf Inc,2020-05-12,0.8433036359760819,1
"fraud_Lockman, West and Runte",2020-06-04,0.8428157871623277,1
fraud_Cormier LLC,2020-05-13,0.8427322565387493,1
fraud_Bradtke PLC,2020-05-21,0.8426311881350198,1
"fraud_Casper, Hand and Zulauf",2020-06-08,0.8421716096681237,1
fraud_Padberg-Welch,2020-05-25,0.8420440120735523,1
"fraud_Goldner, Kovacek and Abbott",2020-05-08,0.8416962325724097,1
"fraud_Moen, Reinger and Murphy",2020-05-03,0.8416594781741753,1
"fraud_Goldner, Kovacek and Abbott",2020-05-23,0.8413718099268027,1
"fraud_Schumm, Bauch and Ondricka",2020-06-06,0.8409099549046826,1
"fraud_Rowe, Batz and Goodwin",2020-05-25,0.8408756772868471,1
fraud_Hackett-Lueilwitz,2020-05-16,0.8404420186516663,1
fraud_Heidenreich PLC,2020-05-23,0.8404235609883771,1
fraud_Heidenreich PLC,2020-05-10,0.8403252738947979,1
fraud_Boyer PLC,2020-05-07,0.8399200098137597,1
"fraud_Rowe, Batz and Goodwin",2020-06-09,0.8397895205947419,1
fraud_Cormier LLC,2020-05-24,0.8396729483598868,1
"fraud_Weimann, Kuhic and Beahan",2020-06-04,0.8394920761637747,1
fraud_Rutherford-Mertz,2020-05-20,0.8394232710634338,1
fraud_Sawayn PLC,2020-05-02,0.8393395174625911,1
fraud_Boyer PLC,2020-05-05,0.8392662280193561,1
fraud_Boyer PLC,2020-05-06,0.8392662280193561,1
fraud_Kilback LLC,2020-05-19,0.839204580647056,1
fraud_Goodwin-Nitzsche,2020-05-17,0.8391869169614738,1
"fraud_Rowe, Batz and Goodwin",2020-05-26,0.8391600780297428,1
fraud_DuBuque LLC,2020-06-02,0.839128378641229,1
fraud_Koepp-Parker,2020-06-03,0.8389646410790387,1
fraud_Koepp-Witting,2020-06-08,0.8389253930931927,1
fraud_Heidenreich PLC,2020-06-08,0.8388314150883232,1
fraud_Schumm PLC,2020-05-18,0.838810506233849,1
fraud_Doyle Ltd,2020-06-09,0.8388018039714601,1
fraud_Schumm PLC,2020-06-04,0.8387017723367927,1
fraud_Goodwin-Nitzsche,2020-06-02,0.838627778588909,1
fraud_Schumm PLC,2020-05-21,0.8384836606314574,1
fraud_Barton Inc,2020-05-29,0.8384161146877508,1
fraud_Boyer PLC,2020-05-26,0.8384154675001503,1
"fraud_Moen, Reinger and Murphy",2020-05-25,0.8382350185944387,1
fraud_Schumm PLC,2020-05-20,0.8382337629249118,1
fraud_Barton Inc,2020-06-12,0.8380317144811305,1
fraud_Strosin-Cruickshank,2020-05-27,0.8379891861766097,1
"fraud_Schumm, Bauch and Ondricka",2020-05-22,0.8378451877329759,1
fraud_Kunze Inc,2020-05-11,0.8377453484155892,1
fraud_Rau and Sons,2020-05-02,0.8372932064606348,1
"fraud_Schumm, Bauch and Ondricka",2020-06-09,0.8370363176172892,1
fraud_Miller-Hauck,2020-05-20,0.8370013275515689,1
fraud_Murray-Smitham,2020-05-26,0.8370013275515689,1
"fraud_Huel, Hammes and Witting",2020-06-10,0.8370013275515689,1
"fraud_Moen, Reinger and Murphy",2020-05-01,0.8369444507196365,1
fraud_Goodwin-Nitzsche,2020-05-06,0.8367914014928679,1
"fraud_Swaniawski, Lowe and Robel",2020-05-11,0.8367298647004029,1
fraud_Cormier LLC,2020-06-03,0.8367126482812389,1
fraud_Padberg-Welch,2020-06-08,0.8366572711607672,1
fraud_Bauch-Raynor,2020-05-25,0.8365711481236703,1
fraud_Rau and Sons,2020-05-16,0.8363265595339543,1
fraud_Hackett-Lueilwitz,2020-05-15,0.8362636426508991,1
"fraud_Weimann, Kuhic and Beahan",2020-06-13,0.836023442046332,1
fraud_Rutherford-Mertz,2020-05-22,0.8359253920386567,1
fraud_Goodwin-Nitzsche,2020-06-14,0.8358755933783308,1
fraud_Bradtke PLC,2020-05-18,0.8358205961462302,1
fraud_Deckow-O'Conner,2020-06-03,0.8357620439003491,1
fraud_Barton Inc,2020-06-11,0.8357353418888598,1
fraud_Goodwin-Nitzsche,2020-05-05,0.8354849158272484,1
fraud_O'Keefe-Hudson,2020-05-14,0.835256113910192,1
fraud_Goodwin-Nitzsche,2020-05-12,0.8352026114842734,1
"fraud_Goldner, Kovacek and Abbott",2020-05-11,0.834848170136199,1
fraud_Koepp-Witting,2020-05-29,0.8348015524599164,1
fraud_Strosin-Cruickshank,2020-05-10,0.8344959687566719,1
fraud_Hudson-Ratke,2020-05-04,0.8344880839540788,1
"fraud_Lockman, West and Runte",2020-05-04,0.8344175781937002,1
"fraud_Rowe, Batz and Goodwin",2020-05-08,0.8343063714838175,1
fraud_DuBuque LLC,2020-05-18,0.8342371664721021,1
fraud_Hudson-Ratke,2020-06-05,0.8341340545318434,1
fraud_Schumm PLC,2020-05-11,0.8339747150711747,1
fraud_Padberg-Welch,2020-06-11,0.8339628762434786,1
"fraud_Rowe, Batz and Goodwin",2020-05-03,0.8338704913234235,1
fraud_Padberg-Welch,2020-06-13,0.8337782189087724,1
fraud_Bauch-Raynor,2020-06-02,0.8336726871386211,1
fraud_Schumm PLC,2020-05-22,0.8336524834953073,1
"fraud_Schultz, Simonis and Little",2020-05-03,0.8336257596430604,1
fraud_Murray-Smitham,2020-06-03,0.8335031510119063,1
fraud_McDermott-Weimann,2020-05-01,0.8333858391011104,1
fraud_Kiehn Inc,2020-06-04,0.8332679926400812,1
fraud_Padberg-Welch,2020-05-12,0.8329838001031303,1
"fraud_Moen, Reinger and Murphy",2020-05-24,0.8328919726994004,1
fraud_Padberg-Welch,2020-05-13,0.8327904652710033,1
fraud_Schamberger-O'Keefe,2020-06-09,0.8327904652710033,1
fraud_Vandervort-Funk,2020-05-20,0.8327811516390472,1
fraud_Koepp-Witting,2020-05-12,0.8327106862987712,1
fraud_Boyer PLC,2020-05-22,0.8326903414605873,1
fraud_Bradtke PLC,2020-06-04,0.8326398499249212,1
fraud_Barton Inc,2020-06-09,0.8326368857320404,1
fraud_Goodwin-Nitzsche,2020-06-08,0.832495476802905,1
fraud_DuBuque LLC,2020-06-05,0.8324892559870352,1
fraud_Cormier LLC,2020-05-22,0.8324682328668589,1
"fraud_Rowe, Batz and Goodwin",2020-05-04,0.8323581273560021,1
fraud_Bailey-Morar,2020-05-23,0.8323437772788315,1
fraud_Padberg-Welch,2020-06-14,0.8323084827532117,1
fraud_Kiehn Inc,2020-06-05,0.8322876116826953,1
"fraud_Heathcote, Yost and Kertzmann",2020-06-04,0.8322065109245552,1
fraud_Rutherford-Mertz,2020-06-09,0.8321095651463774,1
fraud_Cole PLC,2020-05-25,0.8320346489597772,1
"fraud_Osinski, Ledner and Leuschke",2020-05-01,0.8320276742092927,1
fraud_Kuhic Inc,2020-05-12,0.8320276742092927,1
"fraud_Goldner, Kovacek and Abbott",2020-05-15,0.8320276742092927,1
fraud_Vandervort-Funk,2020-05-22,0.8320276742092927,1
"fraud_Bernhard, Grant and Langworth",2020-05-29,0.8320196067349661,1
fraud_Schumm PLC,2020-05-25,0.8319961798905091,1
"fraud_Goldner, Kovacek and Abbott",2020-05-22,0.8319868706686261,1
fraud_Vandervort-Funk,2020-05-23,0.831973727892652,1
fraud_Wolf Inc,2020-05-25,0.8319098275316082,1
"fraud_Mosciski, Gislason and Mertz",2020-05-11,0.8318640141231769,1
fraud_Bailey-Morar,2020-05-03,0.8317962774236725,1
fraud_Schmidt and Sons,2020-05-12,0.8317876712552215,1
fraud_Schmidt and Sons,2020-05-13,0.8317876712552215,1
fraud_Schumm PLC,2020-05-14,0.8317634222550286,1
fraud_Koepp-Witting,2020-05-19,0.8316796511753558,1
"fraud_Casper, Hand and Zulauf",2020-05-20,0.8316796511753558,1
fraud_Kutch and Sons,2020-06-09,0.8316198919472488,1
fraud_Rau and Sons,2020-06-11,0.8313951958699971,1
fraud_Vandervort-Funk,2020-05-10,0.8313481316101169,1
fraud_Vandervort-Funk,2020-05-11,0.8313481316101169,1
fraud_Bradtke PLC,2020-05-20,0.8312971776780109,1
fraud_Koepp-Witting,2020-05-28,0.831156322001049,1
fraud_Barton Inc,2020-05-27,0.8311539612241094,1
"fraud_Mosciski, Gislason and Mertz",2020-05-13,0.8311485265895636,1
fraud_Price Inc,2020-05-11,0.8311425651411537,1
fraud_Kiehn Inc,2020-05-19,0.8310607073034778,1
"fraud_Rowe, Batz and Goodwin",2020-05-27,0.8310174296642487,1
fraud_Kilback LLC,2020-06-01,0.8309306529413475,1
fraud_DuBuque LLC,2020-05-14,0.8308812428692564,1
fraud_DuBuque LLC,2020-05-16,0.8308812428692564,1
fraud_Heidenreich PLC,2020-05-30,0.8308498083684881,1
fraud_Goodwin-Nitzsche,2020-06-03,0.8308391000401975,1
fraud_Bogisich Inc,2020-05-16,0.8307138366105501,1
fraud_Doyle Ltd,2020-06-07,0.8306883621993549,1
"fraud_Lockman, West and Runte",2020-06-03,0.8306309912276496,1
fraud_Padberg-Welch,2020-06-10,0.8305959954473483,1
fraud_Barton Inc,2020-05-24,0.8302970619922299,1
"fraud_Mosciski, Gislason and Mertz",2020-05-09,0.8301881916798434,1
"fraud_Mosciski, Gislason and Mertz",2020-05-08,0.8301383269016138,1
fraud_Rutherford-Mertz,2020-05-25,0.8301383269016138,1
fraud_Auer-Mosciski,2020-05-15,0.8300580944728735,1
fraud_Kuhn LLC,2020-06-06,0.830047513883293,1
fraud_Barton Inc,2020-06-04,0.8300044505217818,1
fraud_Barton Inc,2020-06-05,0.8300044505217818,1
fraud_Kunze Inc,2020-05-17,0.8299462535559877,1
fraud_Kiehn-Emmerich,2020-06-08,0.8299332088979323,1
"fraud_Schumm, Bauch and Ondricka",2020-05-21,0.8298574227538731,1
"fraud_Schumm, Bauch and Ondricka",2020-05-08,0.8298556569287343,1
fraud_Bailey-Morar,2020-05-01,0.8297918591294626,1
fraud_Bailey-Morar,2020-05-02,0.8297918591294626,1
fraud_Koepp-Parker,2020-05-09,0.8297918591294626,1
fraud_Heidenreich PLC,2020-05-20,0.8297918591294626,1
fraud_Rau and Sons,2020-06-14,0.8297837708126464,1
"fraud_Casper, Hand and Zulauf",2020-05-03,0.8296326755210104,1
fraud_Hackett-Lueilwitz,2020-05-17,0.8296172603692287,1
fraud_Kunze Inc,2020-05-08,0.8295899644069922,1
fraud_Rau and Sons,2020-06-09,0.8295815380434783,1
fraud_Cartwright-Harris,2020-05-15,0.8295166424689145,1
"fraud_Mosciski, Gislason and Mertz",2020-05-25,0.8295153251246623,1
fraud_Rutherford-Mertz,2020-05-24,0.829452707572342,1
"fraud_Kuhic, Bins and Pfeffer",2020-05-21,0.8293915441815476,1
fraud_Auer-Mosciski,2020-05-03,0.8293522365799129,1
fraud_McDermott-Weimann,2020-05-14,0.8293522365799129,1
fraud_Bogisich Inc,2020-05-11,0.8293092548019352,1
fraud_Schumm PLC,2020-05-16,0.8293024938857726,1
fraud_Stracke-Lemke,2020-06-11,0.8292502626671724,1
fraud_Bauch-Raynor,2020-06-11,0.8291985782747889,1
fraud_Barton Inc,2020-06-03,0.8291812694485834,1
fraud_Goodwin-Nitzsche,2020-05-29,0.8291503386994297,1
fraud_McDermott-Weimann,2020-05-18,0.8291051292303867,1
fraud_Kiehn-Emmerich,2020-05-12,0.8289681303936886,1
"fraud_Kovacek, Dibbert and Ondricka",2020-05-19,0.8289335302973827,1
"fraud_Moen, Reinger and Murphy",2020-06-01,0.8289335302973827,1
"fraud_Goldner, Kovacek and Abbott",2020-05-07,0.8288575179976597,1
fraud_Kutch and Sons,2020-06-08,0.8287759098874276,1
fraud_DuBuque LLC,2020-05-17,0.8286777373437312,1
fraud_Hackett-Lueilwitz,2020-05-05,0.8286422448843846,1
fraud_Miller-Hauck,2020-06-04,0.8286109053843667,1
fraud_Doyle Ltd,2020-06-08,0.828574298503927,1
fraud_Kiehn-Emmerich,2020-06-01,0.8284774526887965,1
fraud_Barton Inc,2020-05-28,0.8283118113521705,1
"fraud_Osinski, Ledner and Leuschke",2020-05-25,0.828300476435632,1
fraud_Kuhn LLC,2020-05-26,0.8282342179625313,1
"fraud_Goldner, Kovacek and Abbott",2020-05-17,0.8282014964889217,1
fraud_Koepp-Parker,2020-06-13,0.8281834610531562,1
fraud_McDermott-Weimann,2020-06-04,0.8281808186283698,1
fraud_Miller-Hauck,2020-05-04,0.8281086830978055,1
fraud_Deckow-O'Conner,2020-05-07,0.8279888643112854,1
fraud_Rutherford-Mertz,2020-06-10,0.8279689648851178,1
fraud_Heidenreich PLC,2020-05-21,0.8279329554890592,1
fraud_Bradtke PLC,2020-05-23,0.8278014888684502,1
"fraud_Mosciski, Gislason and Mertz",2020-05-12,0.8277853675961548,1
fraud_Doyle Ltd,2020-05-05,0.8277836868484887,1
fraud_Goodwin-Nitzsche,2020-05-19,0.8277750030749147,1
fraud_Pacocha-O'Reilly,2020-05-26,0.8277750030749147,1
fraud_Bauch-Raynor,2020-05-13,0.8277699731167278,1
fraud_Deckow-O'Conner,2020-06-01,0.8277361861785437,1
fraud_Kutch and Sons,2020-05-08,0.8276115545018069,1
fraud_McDermott-Weimann,2020-05-13,0.8275659876556622,1
fraud_Barton Inc,2020-05-23,0.8275316426470174,1
fraud_Bauch-Raynor,2020-05-26,0.8274660372991017,1
fraud_Cartwright-Harris,2020-06-13,0.827398796929522,1
fraud_McDermott-Weimann,2020-06-10,0.8272364778625925,1
fraud_Bradtke PLC,2020-05-15,0.8271618892245706,1
fraud_Hackett-Lueilwitz,2020-05-13,0.827019533726264,1
fraud_Rutherford-Mertz,2020-05-23,0.827019533726264,1
fraud_Pacocha-O'Reilly,2020-05-11,0.8270087524100957,1
"fraud_Schumm, Bauch and Ondricka",2020-05-09,0.8269770629298885,1
fraud_Barton Inc,2020-05-12,0.8269132536309168,1
fraud_Padberg-Welch,2020-06-01,0.8269132536309168,1
"fraud_Mosciski, Gislason and Mertz",2020-06-06,0.8269132536309168,1
fraud_Koepp-Parker,2020-05-19,0.8267138539368791,1
fraud_Cormier LLC,2020-06-06,0.8267088423240954,1
fraud_Bogisich Inc,2020-05-09,0.8266705150358743,1
fraud_Kunze Inc,2020-05-15,0.8266578563391815,1
fraud_Kunze Inc,2020-05-16,0.8266578563391815,1
fraud_Schamberger-O'Keefe,2020-05-20,0.8266312745200203,1
fraud_Boyer PLC,2020-05-29,0.8264868684952644,1
"fraud_Kovacek, Dibbert and Ondricka",2020-06-07,0.8264484737405453,1
fraud_O'Keefe-Hudson,2020-05-08,0.8264337285054665,1
fraud_Boyer PLC,2020-05-27,0.8263358291202022,1
fraud_Cartwright-Harris,2020-05-11,0.8263289137111692,1
fraud_Rutherford-Mertz,2020-06-07,0.8263289137111692,1
fraud_Lockman Ltd,2020-06-06,0.8262187317379063,1
fraud_Bailey-Morar,2020-06-04,0.8261563764156218,1
"fraud_Schumm, Bauch and Ondricka",2020-06-07,0.826085450380931,1
fraud_Deckow-O'Conner,2020-06-05,0.8260774780352187,1
fraud_Doyle Ltd,2020-06-10,0.8260733890158755,1
fraud_Bailey-Morar,2020-05-18,0.826061535156838,1
fraud_Strosin-Cruickshank,2020-05-09,0.8260297646383816,1
fraud_Koepp-Parker,2020-05-05,0.8260257770965936,1
fraud_Koepp-Parker,2020-05-08,0.8259254078104348,1
fraud_Kiehn-Emmerich,2020-05-05,0.8259141683743282,1
"fraud_Moen, Reinger and Murphy",2020-06-02,0.8259002445218822,1
fraud_Vandervort-Funk,2020-05-30,0.8258946471502311,1
fraud_Hackett-Lueilwitz,2020-05-06,0.825877238428842,1
fraud_Hackett-Lueilwitz,2020-05-11,0.825877238428842,1
fraud_Bogisich Inc,2020-05-12,0.8258576729145508,1
fraud_Goodwin-Nitzsche,2020-05-20,0.8257545115365648,1
fraud_Koepp-Parker,2020-05-21,0.8257510871093912,1
"fraud_Moen, Reinger and Murphy",2020-06-13,0.8256311480129613,1
fraud_Schmidt and Sons,2020-05-11,0.8255750448362889,1
fraud_Rutherford-Mertz,2020-05-18,0.825555880328615,1
fraud_Cartwright-Harris,2020-05-18,0.8255377625933566,1
fraud_DuBuque LLC,2020-06-07,0.8255288992570915,1
fraud_Miller-Hauck,2020-05-30,0.8254443601902641,1
"fraud_Heller, Gutmann and Zieme",2020-05-18,0.825407047587592,1
"fraud_Mosciski, Gislason and Mertz",2020-05-28,0.8253880220210189,1
fraud_Kuhn LLC,2020-06-10,0.8252646369883286,1
fraud_Barton Inc,2020-06-07,0.8252407905315224,1
fraud_McDermott-Weimann,2020-06-07,0.8252407905315224,1
"fraud_Osinski, Ledner and Leuschke",2020-05-17,0.8252345668336258,1
fraud_Rau and Sons,2020-06-10,0.8249653000574908,1
"fraud_Kovacek, Dibbert and Ondricka",2020-05-20,0.8249489747724802,1
fraud_Koepp-Parker,2020-05-23,0.8248689189846025,1
fraud_Hackett-Lueilwitz,2020-05-04,0.8248286006880896,1
fraud_Padberg-Welch,2020-05-20,0.8248286006880896,1
fraud_Bradtke PLC,2020-05-02,0.8248250844516692,1
fraud_Bailey-Morar,2020-05-22,0.8247662877167204,1
fraud_Rutherford-Mertz,2020-06-05,0.8247610355871733,1
fraud_Bradtke PLC,2020-05-11,0.8247310996258906,1
"fraud_Huel, Hammes and Witting",2020-05-02,0.8247185788884027,1
"fraud_Lockman, West and Runte",2020-05-06,0.8247185788884027,1
fraud_Bauch-Raynor,2020-05-15,0.8247185788884027,1
"fraud_Kuhic, Bins and Pfeffer",2020-05-27,0.8247132863730299,1
fraud_Strosin-Cruickshank,2020-06-14,0.8246889816863201,1
"fraud_Huel, Hammes and Witting",2020-06-01,0.8246709354337081,1
fraud_Goodwin-Nitzsche,2020-05-30,0.8246435538886837,1
fraud_Bailey-Morar,2020-05-10,0.8245952405622777,1
fraud_Hudson-Ratke,2020-05-15,0.8245952405622777,1
"fraud_Kovacek, Dibbert and Ondricka",2020-06-02,0.8245936695289373,1
"fraud_Schultz, Simonis and Little",2020-06-10,0.8245745982920847,1
fraud_Stracke-Lemke,2020-05-23,0.8245436863610763,1
"fraud_Kuhic, Bins and Pfeffer",2020-05-18,0.824541425924399,1
fraud_Hudson-Ratke,2020-05-12,0.8244843249608488,1
fraud_McDermott-Weimann,2020-06-08,0.8244514207390921,1
fraud_DuBuque LLC,2020-05-15,0.8243404193771954,1
fraud_Heidenreich PLC,2020-06-05,0.824327360497735,1
fraud_Cole PLC,2020-05-10,0.824220708632138,1
"fraud_Goldner, Kovacek and Abbott",2020-06-14,0.824220708632138,1
fraud_Bauch-Raynor,2020-06-08,0.824202312991161,1
fraud_Hudson-Ratke,2020-05-10,0.8241391987819984,1
fraud_Pacocha-O'Reilly,2020-05-12,0.8240282814158343,1
fraud_Hackett-Lueilwitz,2020-05-01,0.8240177872563618,1
fraud_Rutherford-Mertz,2020-06-08,0.8240177872563618,1
"fraud_Casper, Hand and Zulauf",2020-06-02,0.8239314012614026,1
fraud_Hudson-Ratke,2020-05-14,0.8238919938956619,1
fraud_Hudson-Ratke,2020-06-01,0.8238880771878089,1
fraud_Kuhic Inc,2020-05-20,0.823884679949681,1
"fraud_Rowe, Batz and Goodwin",2020-06-03,0.8238612399262564,1
fraud_Schamberger-O'Keefe,2020-06-04,0.8238173396283998,1
fraud_Goodwin-Nitzsche,2020-05-01,0.8238153234156189,1
fraud_Kutch and Sons,2020-05-04,0.8238153234156189,1
fraud_Pacocha-O'Reilly,2020-06-09,0.8238153234156189,1
fraud_Bradtke PLC,2020-05-12,0.8237873352404599,1
"fraud_Lockman, West and Runte",2020-06-07,0.8237304972750962,1
"fraud_Schultz, Simonis and Little",2020-05-01,0.8236631482568928,1
fraud_DuBuque LLC,2020-05-12,0.823601546607579,1
fraud_DuBuque LLC,2020-05-13,0.823601546607579,1
fraud_Wolf Inc,2020-06-05,0.823560055743663,1
fraud_McDermott-Weimann,2020-05-19,0.8235600000748592,1
"fraud_Goldner, Kovacek and Abbott",2020-05-18,0.8235565978633973,1
fraud_DuBuque LLC,2020-05-09,0.8235162817425153,1
fraud_Padberg-Welch,2020-05-27,0.8235162817425153,1
fraud_Kunze Inc,2020-06-12,0.8235162817425153,1
fraud_Kilback LLC,2020-05-03,0.8235088753064034,1
"fraud_Osinski, Ledner and Leuschke",2020-05-19,0.8234911155099276,1
fraud_Hackett-Lueilwitz,2020-05-19,0.8234814936172318,1
fraud_Doyle Ltd,2020-05-16,0.8234452208650901,1
fraud_DuBuque LLC,2020-05-19,0.8234359428375366,1
fraud_Kutch and Sons,2020-05-25,0.8234359428375366,1
fraud_Pacocha-O'Reilly,2020-05-27,0.8234359428375366,1
fraud_McDermott-Weimann,2020-05-11,0.8234305905184375,1
fraud_Bailey-Morar,2020-05-05,0.8234271863466373,1
fraud_Cormier LLC,2020-05-27,0.8234198964647373,1
fraud_Padberg-Welch,2020-05-08,0.8234164677633083,1
fraud_Lockman Ltd,2020-06-05,0.823359708600611,1
"fraud_Heathcote, Yost and Kertzmann",2020-06-02,0.8233463552564934,1
fraud_Bradtke PLC,2020-05-09,0.8233127214935144,1
fraud_Hackett-Lueilwitz,2020-05-02,0.8232094043364219,1
fraud_Koepp-Witting,2020-05-05,0.8232094043364219,1
"fraud_Huel, Hammes and Witting",2020-06-04,0.8232094043364219,1
fraud_DuBuque LLC,2020-06-06,0.8232094043364219,1
fraud_Bradtke PLC,2020-06-10,0.8231433440104902,1
"fraud_Mosciski, Gislason and Mertz",2020-06-10,0.8231413317608636,1
fraud_Kiehn Inc,2020-05-31,0.8231245133261856,1
fraud_Padberg-Welch,2020-05-23,0.8230961389876029,1
fraud_Schamberger-O'Keefe,2020-06-12,0.8230961389876029,1
"fraud_Huel, Hammes and Witting",2020-05-15,0.823042567001752,1
fraud_Kiehn-Emmerich,2020-05-13,0.8230421633613199,1
fraud_Corwin-Gorczany,2020-05-05,0.8229678081054851,1
fraud_Kuhic Inc,2020-05-26,0.8229277102154448,1
"fraud_Rowe, Batz and Goodwin",2020-05-12,0.822850796032292,1
fraud_Kutch and Sons,2020-05-15,0.8227836801778318,1
fraud_Pacocha-O'Reilly,2020-06-10,0.8227505339618392,1
fraud_Bradtke PLC,2020-05-19,0.8227407588709019,1
fraud_Denesik and Sons,2020-05-26,0.8227393866500852,1
fraud_Strosin-Cruickshank,2020-05-03,0.8227360018735053,1
fraud_Strosin-Cruickshank,2020-05-04,0.8227360018735053,1
fraud_Kuhic Inc,2020-05-23,0.8227360018735053,1
fraud_Kuhic Inc,2020-05-25,0.8227360018735053,1
fraud_DuBuque LLC,2020-05-27,0.8227349694024869,1
"fraud_Heathcote, Yost and Kertzmann",2020-06-01,0.8227214322411641,1
"fraud_Rowe, Batz and Goodwin",2020-06-02,0.8227204866638723,1
"fraud_Langworth, Boehm and Gulgowski",2020-05-16,0.8226294478080872,1
fraud_Bradtke PLC,2020-05-22,0.8225982292693113,1
"fraud_Lockman, West and Runte",2020-05-03,0.8225892135693266,1
fraud_Bradtke PLC,2020-05-06,0.8225892135693266,1
fraud_Bradtke PLC,2020-05-07,0.8225892135693266,1
fraud_Bradtke PLC,2020-05-08,0.8225892135693266,1
fraud_Kutch and Sons,2020-05-23,0.8225892135693266,1
fraud_Medhurst PLC,2020-05-15,0.8225402930820097,1
fraud_Cole PLC,2020-05-01,0.8224472994885098,1
fraud_Koepp-Parker,2020-05-07,0.8224062411944769,1
fraud_Kiehn-Emmerich,2020-05-09,0.8224062411944769,1
fraud_Koepp-Parker,2020-05-10,0.8224062411944769,1
fraud_Kiehn-Emmerich,2020-05-11,0.8224062411944769,1
fraud_Kuhic Inc,2020-06-05,0.8224062411944769,1
fraud_Miller-Hauck,2020-05-19,0.8223979184259786,1
fraud_Cormier LLC,2020-05-29,0.8223360785924764,1
fraud_Kiehn Inc,2020-05-17,0.8223333934760135,1
fraud_Miller-Hauck,2020-05-16,0.8222761680302672,1
fraud_Hackett-Lueilwitz,2020-05-25,0.8221552762527192,1
"fraud_Rowe, Batz and Goodwin",2020-06-01,0.8221552762527192,1
"fraud_Schoen, Kuphal and Nitzsche",2020-06-08,0.8221552762527192,1
"fraud_Goldner, Kovacek and Abbott",2020-05-02,0.8221414158790917,1
"fraud_Goldner, Kovacek and Abbott",2020-05-03,0.8221414158790917,1
"fraud_Osinski, Ledner and Leuschke",2020-05-13,0.8221060655592448,1
fraud_Kilback LLC,2020-05-01,0.8220714539443609,1
fraud_Hackett-Lueilwitz,2020-05-03,0.822041487493387,1
fraud_Boyer PLC,2020-05-25,0.8219726502662172,1
fraud_Bogisich Inc,2020-05-07,0.8219516358096339,1
fraud_Kiehn-Emmerich,2020-05-07,0.8219516358096339,1
fraud_Bogisich Inc,2020-05-08,0.8219516358096339,1
fraud_McDermott-Weimann,2020-05-08,0.8219516358096339,1
fraud_Barton Inc,2020-05-13,0.8219516358096339,1
"fraud_Lockman, West and Runte",2020-05-14,0.8219516358096339,1
fraud_Kunze Inc,2020-06-10,0.8219516358096339,1
fraud_Schamberger-O'Keefe,2020-05-21,0.8219482092898381,1
"fraud_Schultz, Simonis and Little",2020-05-08,0.8218956656212052,1
fraud_McDermott-Weimann,2020-05-02,0.8218887054347183,1
fraud_McDermott-Weimann,2020-06-01,0.821887376436592,1
fraud_DuBuque LLC,2020-06-04,0.8218790702322936,1
fraud_Boyer PLC,2020-05-28,0.8218672831069649,1
fraud_Padberg-Welch,2020-05-10,0.821787038613919,1
"fraud_Huel, Hammes and Witting",2020-05-04,0.8217818581489579,1
fraud_Kiehn Inc,2020-05-20,0.8217818581489579,1
"fraud_Goldner, Kovacek and Abbott",2020-05-27,0.8217818581489579,1
"fraud_Huel, Hammes and Witting",2020-05-27,0.8217818581489579,1
fraud_Kutch and Sons,2020-05-30,0.8217818581489579,1
fraud_Schamberger-O'Keefe,2020-06-02,0.8217818581489579,1
fraud_Schamberger-O'Keefe,2020-06-05,0.8217818581489579,1
fraud_Padberg-Welch,2020-05-26,0.821778167223452,1
fraud_Koepp-Witting,2020-05-03,0.8217736455358636,1
"fraud_Moen, Reinger and Murphy",2020-05-29,0.8217736455358636,1
fraud_Cole PLC,2020-06-13,0.8217736455358636,1
fraud_Koepp-Parker,2020-05-04,0.8216961159371483,1
fraud_Koepp-Parker,2020-05-06,0.8216961159371483,1
fraud_Schamberger-O'Keefe,2020-05-27,0.8216961159371483,1
"fraud_Schumm, Bauch and Ondricka",2020-05-13,0.8216407439883964,1
"fraud_Casper, Hand and Zulauf",2020-06-11,0.821607558121392,1
fraud_Kuhic Inc,2020-05-16,0.8215656355094572,1
"fraud_Huel, Hammes and Witting",2020-05-31,0.8215593363216763,1
fraud_McDermott-Weimann,2020-05-07,0.8214864465792198,1
fraud_Kunze Inc,2020-05-19,0.8214661827273558,1
"fraud_Osinski, Ledner and Leuschke",2020-05-10,0.821429628576097,1
fraud_Bogisich Inc,2020-05-19,0.8213106541433998,1
fraud_Kutch and Sons,2020-05-24,0.821281053171184,1
fraud_Medhurst PLC,2020-05-19,0.8212664808659278,1
fraud_Koepp-Parker,2020-05-22,0.8212527271615039,1
fraud_Bogisich Inc,2020-05-05,0.8212400878870171,1
fraud_Bogisich Inc,2020-05-06,0.8212400878870171,1
fraud_Strosin-Cruickshank,2020-05-15,0.8212400878870171,1
fraud_McDermott-Weimann,2020-05-24,0.8212400878870171,1
fraud_Kuhic Inc,2020-05-31,0.8212400878870171,1
fraud_DuBuque LLC,2020-06-08,0.8212400878870171,1
fraud_Kunze Inc,2020-06-09,0.8212400878870171,1
fraud_Stracke-Lemke,2020-05-15,0.82123665065175,1
"fraud_Baumbach, Feeney and Morar",2020-05-11,0.8212151331534613,1
"fraud_Little, Gutmann and Lynch",2020-05-04,0.8212012216259408,1
fraud_Padberg-Welch,2020-05-21,0.8211940577148423,1
fraud_Kutch and Sons,2020-05-01,0.8211619845419129,1
"fraud_Mosciski, Gislason and Mertz",2020-05-17,0.8211150919886847,1
"fraud_Heathcote, Yost and Kertzmann",2020-05-24,0.821110095344693,1
fraud_Medhurst PLC,2020-05-16,0.821085323925195,1
fraud_Padberg-Welch,2020-05-11,0.8210749760895252,1
fraud_Padberg-Welch,2020-05-16,0.8210615411505618,1
fraud_Hackett-Lueilwitz,2020-06-09,0.8210615411505618,1
fraud_Hudson-Ratke,2020-05-25,0.8210603365051037,1
fraud_Goodwin-Nitzsche,2020-05-02,0.8210395712554992,1
fraud_DuBuque LLC,2020-05-10,0.8210395712554992,1
fraud_Padberg-Welch,2020-05-14,0.8210395712554992,1
fraud_Padberg-Welch,2020-05-15,0.8210395712554992,1
fraud_Kiehn-Emmerich,2020-05-21,0.8210395712554992,1
fraud_Kiehn-Emmerich,2020-05-22,0.8210395712554992,1
fraud_Padberg-Welch,2020-05-22,0.8210395712554992,1
"fraud_Heller, Gutmann and Zieme",2020-06-11,0.8210395712554992,1
fraud_Murray-Smitham,2020-05-18,0.8210344081117139,1
fraud_Bogisich Inc,2020-05-15,0.8210176278969019,1
"fraud_Huel, Hammes and Witting",2020-05-01,0.8209943282936104,1
fraud_Padberg-Welch,2020-05-28,0.8209491215354174,1
fraud_Kuhic Inc,2020-05-07,0.8209476449098433,1
fraud_Kuhic Inc,2020-05-08,0.8209476449098433,1
fraud_Hudson-Ratke,2020-05-24,0.8209017162671888,1
fraud_Hackett-Lueilwitz,2020-05-20,0.8209011150171501,1
"fraud_Casper, Hand and Zulauf",2020-06-12,0.8208949347648162,1
fraud_Kilback LLC,2020-05-15,0.8208790556231785,1
fraud_Pacocha-O'Reilly,2020-05-20,0.8208406552778197,1
fraud_Stracke-Lemke,2020-06-10,0.8207997890312883,1
fraud_Stracke-Lemke,2020-06-12,0.8207997890312883,1
fraud_Medhurst PLC,2020-05-25,0.8207905423018429,1
fraud_Strosin-Cruickshank,2020-05-05,0.8207737746739754,1
fraud_Kutch and Sons,2020-05-02,0.8207513244095472,1
fraud_Koepp-Witting,2020-05-04,0.8207513244095472,1
fraud_Padberg-Welch,2020-05-24,0.8207513244095472,1
"fraud_Heller, Gutmann and Zieme",2020-06-13,0.8207513244095472,1
fraud_Schamberger-O'Keefe,2020-06-13,0.8207513244095472,1
fraud_Cole PLC,2020-06-14,0.8207513244095472,1
fraud_Goodwin-Nitzsche,2020-05-31,0.8207467180733574,1
fraud_Cole PLC,2020-05-02,0.8207010336267307,1
fraud_Rutherford-Mertz,2020-06-06,0.8207010336267307,1
fraud_Medhurst PLC,2020-05-23,0.8206241339341284,1
fraud_Kuhic Inc,2020-05-13,0.8205816154863412,1
fraud_Kuhic Inc,2020-05-18,0.8205816154863412,1
"fraud_Kovacek, Dibbert and Ondricka",2020-05-24,0.820462837971297,1
"fraud_Huel, Hammes and Witting",2020-06-05,0.820462837971297,1
fraud_Auer-Mosciski,2020-05-17,0.8204552412853997,1
fraud_Kutch and Sons,2020-05-26,0.820416280747628,1
"fraud_Moen, Reinger and Murphy",2020-06-12,0.820416280747628,1
fraud_Goodwin-Nitzsche,2020-05-28,0.8204051895973922,1
"fraud_Casper, Hand and Zulauf",2020-05-23,0.8203529532209134,1
fraud_Kuhic Inc,2020-05-06,0.8203324500837108,1
fraud_Auer-Mosciski,2020-05-12,0.8203324500837108,1
fraud_Kutch and Sons,2020-05-03,0.8203251751509755,1
fraud_Strosin-Cruickshank,2020-05-17,0.8203251751509755,1
fraud_Padberg-Welch,2020-06-02,0.8203251751509755,1
"fraud_Lockman, West and Runte",2020-06-09,0.8203251751509755,1
"fraud_Heller, Gutmann and Zieme",2020-06-12,0.8203251751509755,1
"fraud_Kovacek, Dibbert and Ondricka",2020-05-02,0.8203021781852041,1
fraud_Bradtke PLC,2020-05-31,0.8202966444102094,1
fraud_Kiehn-Emmerich,2020-05-23,0.8202874667638526,1
"fraud_Goldner, Kovacek and Abbott",2020-05-06,0.8202584885197248,1
fraud_Price Inc,2020-05-04,0.8201708795021266,1
fraud_Bogisich Inc,2020-05-25,0.8201681934900272,1
fraud_Schamberger-O'Keefe,2020-05-06,0.8200919420427784,1
fraud_Miller-Hauck,2020-06-14,0.8200525711997226,1
fraud_Auer-Mosciski,2020-05-01,0.8200256777753805,1
"fraud_Schumm, Bauch and Ondricka",2020-05-01,0.8200237469057609,1
fraud_Cole PLC,2020-06-11,0.8200139616542385,1
"fraud_Schumm, Bauch and Ondricka",2020-05-04,0.8199855824067228,1
fraud_DuBuque LLC,2020-05-22,0.8199855824067228,1
fraud_Bailey-Morar,2020-06-09,0.8199855824067228,1
"fraud_Huel, Hammes and Witting",2020-05-30,0.8199801483604913,1
"fraud_Huel, Hammes and Witting",2020-06-02,0.8199801483604913,1
fraud_DuBuque LLC,2020-05-21,0.8199769181374847,1
fraud_Hackett-Lueilwitz,2020-05-26,0.819969885302349,1
"fraud_Heller, Gutmann and Zieme",2020-05-14,0.8199517462785042,1
"fraud_Heller, Gutmann and Zieme",2020-05-15,0.8199517462785042,1
"fraud_Schoen, Kuphal and Nitzsche",2020-05-30,0.8199517462785042,1
"fraud_Huel, Hammes and Witting",2020-05-23,0.819903297703126,1
fraud_Hudson-Ratke,2020-05-17,0.819873262507981,1
"fraud_Rowe, Batz and Goodwin",2020-05-23,0.8198677463787685,1
fraud_McDermott-Weimann,2020-06-03,0.8198621315228801,1
fraud_Lockman Ltd,2020-06-04,0.8198173347951779,1
"fraud_Lockman, West and Runte",2020-05-01,0.8197931094157983,1
fraud_Padberg-Welch,2020-05-09,0.8197233984978729,1
fraud_Strosin-Cruickshank,2020-05-01,0.8196158513756915,1
fraud_Auer-Mosciski,2020-05-16,0.8196158513756915,1
"fraud_Goldner, Kovacek and Abbott",2020-05-16,0.8196158513756915,1
"fraud_Schultz, Simonis and Little",2020-05-27,0.8196158513756915,1
fraud_Auer-Mosciski,2020-05-02,0.8195949760989374,1
fraud_Kiehn-Emmerich,2020-05-02,0.8195949760989374,1
"fraud_Kovacek, Dibbert and Ondricka",2020-05-18,0.8195949760989374,1
"fraud_Huel, Hammes and Witting",2020-06-06,0.8195949760989374,1
fraud_Hackett-Lueilwitz,2020-05-08,0.8195569984973637,1
fraud_Hackett-Lueilwitz,2020-05-09,0.8195569984973637,1
fraud_Hudson-Ratke,2020-05-29,0.8195466895469105,1
fraud_Barton Inc,2020-05-03,0.8195397814452701,1
fraud_Cole PLC,2020-05-03,0.8195397814452701,1
fraud_Cole PLC,2020-05-04,0.8195397814452701,1
"fraud_Heller, Gutmann and Zieme",2020-05-19,0.8195397814452701,1
fraud_Koepp-Parker,2020-05-20,0.8195397814452701,1
"fraud_Schoen, Kuphal and Nitzsche",2020-05-27,0.8195397814452701,1
"fraud_Schoen, Kuphal and Nitzsche",2020-05-28,0.8195397814452701,1
"fraud_Schoen, Kuphal and Nitzsche",2020-06-07,0.8195397814452701,1
"fraud_Schoen, Kuphal and Nitzsche",2020-06-11,0.8195397814452701,1
"fraud_Moen, Reinger and Murphy",2020-06-14,0.8195397814452701,1
fraud_Deckow-O'Conner,2020-05-26,0.8195143165587968,1
fraud_Padberg-Welch,2020-05-29,0.8194908551430521,1
fraud_Padberg-Welch,2020-05-30,0.8194908551430521,1
"fraud_Mosciski, Gislason and Mertz",2020-05-20,0.8194873000339067,1
"fraud_Moen, Reinger and Murphy",2020-05-26,0.8194807211800633,1
fraud_Doyle Ltd,2020-05-06,0.8194772620930846,1
fraud_Bogisich Inc,2020-05-10,0.8194135969526306,1
fraud_DuBuque LLC,2020-05-20,0.8194048806473138,1
fraud_Kuhic Inc,2020-05-17,0.8193637159631799,1
"fraud_Casper, Hand and Zulauf",2020-05-24,0.8193637159631799,1
fraud_Miller-Hauck,2020-05-27,0.8193456191636634,1
fraud_Pacocha-O'Reilly,2020-05-07,0.8193304569544767,1
fraud_Koepp-Witting,2020-05-27,0.8193137123266956,1
fraud_O'Keefe-Hudson,2020-06-02,0.8192963724834197,1
fraud_Kunze Inc,2020-06-08,0.8192963724834197,1
fraud_Cole PLC,2020-06-09,0.8192963724834197,1
fraud_Cole PLC,2020-06-12,0.8192963724834197,1
fraud_Schamberger-O'Keefe,2020-06-14,0.8192963724834197,1
fraud_Pacocha-O'Reilly,2020-05-14,0.8192691188627349,1
"fraud_Kovacek, Dibbert and Ondricka",2020-06-09,0.8192608507069777,1
"fraud_Schumm, Bauch and Ondricka",2020-05-05,0.8192592138297737,1
fraud_Hudson-Ratke,2020-05-16,0.8191552360939146,1
fraud_Rutherford-Mertz,2020-06-12,0.8191287855084982,1
fraud_Padberg-Welch,2020-05-17,0.8190269587634046,1
fraud_Pacocha-O'Reilly,2020-06-05,0.8190269587634046,1
fraud_Schumm PLC,2020-05-04,0.8190235020327927,1
fraud_Bogisich Inc,2020-05-14,0.8189470411944365,1
fraud_Bogisich Inc,2020-05-17,0.8189470411944365,1
"fraud_Schoen, Kuphal and Nitzsche",2020-06-14,0.8189470411944365,1
fraud_Kiehn-Emmerich,2020-05-01,0.8188760854376713,1
fraud_Kiehn-Emmerich,2020-05-04,0.8188760854376713,1
fraud_Hudson-Ratke,2020-05-05,0.8188760854376713,1
fraud_Murray-Smitham,2020-05-25,0.8188760854376713,1
"fraud_Huel, Hammes and Witting",2020-06-03,0.8188760854376713,1
fraud_McDermott-Weimann,2020-06-02,0.818849733919814,1
fraud_Cole PLC,2020-06-10,0.8188295808296494,1
fraud_Pacocha-O'Reilly,2020-06-11,0.8188295808296494,1
fraud_Bogisich Inc,2020-06-14,0.8188295808296494,1
fraud_Barton Inc,2020-05-04,0.8188207194610733,1
"fraud_Lockman, West and Runte",2020-05-07,0.8188207194610733,1
fraud_Bailey-Morar,2020-05-19,0.8188207194610733,1
"fraud_Schoen, Kuphal and Nitzsche",2020-06-13,0.8188207194610733,1
fraud_Kilback LLC,2020-05-16,0.81881485188689,1
fraud_Rutherford-Mertz,2020-05-05,0.818771641317588,1
fraud_McDermott-Weimann,2020-05-06,0.818771641317588,1
"fraud_Moen, Reinger and Murphy",2020-05-31,0.818771641317588,1
"fraud_Mosciski, Gislason and Mertz",2020-06-01,0.818771641317588,1
fraud_Kunze Inc,2020-06-11,0.818771641317588,1
"fraud_Schoen, Kuphal and Nitzsche",2020-05-17,0.8187489160726761,1
fraud_Cartwright-Harris,2020-05-19,0.8186878539697313,1
fraud_Stracke-Lemke,2020-06-09,0.8186462182041926,1
fraud_Schumm PLC,2020-06-12,0.8186155791146948,1
fraud_Cartwright-Harris,2020-06-09,0.8185488610917897,1
fraud_Kiehn-Emmerich,2020-06-07,0.818484700401483,1
fraud_Cartwright-Harris,2020-05-14,0.8184583324564373,1
fraud_Hudson-Ratke,2020-05-07,0.8184084487368627,1
"fraud_Casper, Hand and Zulauf",2020-05-22,0.8184084487368627,1
fraud_Kuhic Inc,2020-05-29,0.8184084487368627,1
fraud_Rutherford-Mertz,2020-06-13,0.8184084487368627,1
fraud_Bradtke PLC,2020-06-03,0.8183629275770175,1
fraud_Barton Inc,2020-05-11,0.8183500531985293,1
"fraud_Osinski, Ledner and Leuschke",2020-05-23,0.8183468436165887,1
"fraud_Huel, Hammes and Witting",2020-05-22,0.8183135902845075,1
"fraud_Huel, Hammes and Witting",2020-05-05,0.8183063064100972,1
fraud_Padberg-Welch,2020-05-31,0.8183063064100972,1
fraud_Deckow-O'Conner,2020-06-02,0.8182428527192074,1
"fraud_Kovacek, Dibbert and Ondricka",2020-06-05,0.8182370929654912,1
fraud_Bogisich Inc,2020-05-13,0.818226141231261,1
fraud_Hackett-Lueilwitz,2020-05-07,0.8182138906081197,1
fraud_Murray-Smitham,2020-06-14,0.8182094417592022,1
fraud_Heidenreich PLC,2020-05-04,0.8181567980517666,1
fraud_Bauch-Raynor,2020-05-23,0.8181499543971813,1
"fraud_Johnson, Runolfsdottir and Mayer",2020-06-12,0.818147885616298,1
fraud_Ankunding LLC,2020-05-03,0.8180895137436146,1
fraud_Kutch and Sons,2020-05-27,0.8180425917323975,1
fraud_Strosin-Cruickshank,2020-05-02,0.8179750208619175,1
fraud_Deckow-O'Conner,2020-05-03,0.8179750208619175,1
fraud_McDermott-Weimann,2020-05-17,0.8179750208619175,1
fraud_McDermott-Weimann,2020-05-22,0.8179750208619175,1
fraud_Bradtke PLC,2020-05-24,0.8179750208619175,1
"fraud_Kovacek, Dibbert and Ondricka",2020-05-25,0.8179750208619175,1
fraud_Cartwright-Harris,2020-05-20,0.817966151391329,1
"fraud_Lockman, West and Runte",2020-05-02,0.8179473560557003,1
fraud_Wolf Inc,2020-05-11,0.8179473560557003,1
"fraud_Huel, Hammes and Witting",2020-05-11,0.8179372428590056,1
fraud_Wolf Inc,2020-05-23,0.8179372428590056,1
"fraud_Mosciski, Gislason and Mertz",2020-06-14,0.8179372428590056,1
"fraud_Schumm, Bauch and Ondricka",2020-05-11,0.8179139816137428,1
fraud_Pacocha-Bauch,2020-05-02,0.8178973030077749,1
fraud_Metz-Boehm,2020-06-01,0.8178965148670293,1
fraud_Hudson-Ratke,2020-06-12,0.8178670578585336,1
fraud_Rutherford-Mertz,2020-05-06,0.8177913073596398,1
fraud_Bailey-Morar,2020-05-11,0.8177701986842123,1
"fraud_Rowe, Batz and Goodwin",2020-05-20,0.8177681736176138,1
fraud_Bauch-Raynor,2020-05-21,0.8177681736176138,1
fraud_McDermott-Weimann,2020-05-05,0.8177359196745414,1
fraud_Kiehn-Emmerich,2020-05-03,0.8176491814090084,1
fraud_Kutch and Sons,2020-05-28,0.8176491814090084,1
fraud_Hudson-Ratke,2020-05-23,0.8176405887845309,1
fraud_Koepp-Parker,2020-05-02,0.8176358798949532,1
fraud_Bailey-Morar,2020-05-21,0.8175935239332925,1
"fraud_Weimann, Kuhic and Beahan",2020-06-05,0.8175805214498086,1
fraud_DuBuque LLC,2020-05-05,0.8175789074420361,1
fraud_Pacocha-O'Reilly,2020-06-03,0.8175789074420361,1
fraud_Koepp-Witting,2020-06-02,0.8175713102629547,1
fraud_Cole PLC,2020-05-26,0.8175556923533722,1
fraud_Wolf Inc,2020-05-28,0.817525308305565,1
fraud_Hudson-Ratke,2020-05-06,0.8175115893935042,1
fraud_McDermott-Weimann,2020-05-09,0.8175115893935042,1
fraud_Miller-Hauck,2020-05-12,0.8175115893935042,1
fraud_Miller-Hauck,2020-05-13,0.8175115893935042,1
fraud_Miller-Hauck,2020-05-14,0.8175115893935042,1
fraud_Miller-Hauck,2020-05-15,0.8175115893935042,1
"fraud_Huel, Hammes and Witting",2020-06-07,0.8175115893935042,1
fraud_Kuhic Inc,2020-05-24,0.8175080963969698,1
"fraud_Moen, Reinger and Murphy",2020-05-14,0.8175056178358306,1
fraud_Murray-Smitham,2020-06-02,0.8174666211410543,1
fraud_Hudson-Ratke,2020-05-18,0.8174278546925742,1
fraud_Pacocha-O'Reilly,2020-05-25,0.817400911022838,1
fraud_Kiehn-Emmerich,2020-06-06,0.817385943529839,1
fraud_Pacocha-O'Reilly,2020-05-10,0.8172987384414194,1
fraud_Doyle Ltd,2020-05-15,0.8172764961665387,1
"fraud_Osinski, Ledner and Leuschke",2020-05-04,0.8172511142595538,1
fraud_McDermott-Weimann,2020-05-23,0.8172511142595538,1
fraud_Barton Inc,2020-05-30,0.8171914931124874,1
fraud_Miller-Hauck,2020-05-18,0.817179084227384,1
fraud_DuBuque LLC,2020-05-01,0.8171742695400647,1
"fraud_Huel, Hammes and Witting",2020-05-03,0.8171742695400647,1
fraud_Kiehn-Emmerich,2020-05-08,0.8171742695400647,1
fraud_McDermott-Weimann,2020-05-16,0.8171742695400647,1
fraud_Pacocha-O'Reilly,2020-05-28,0.8171742695400647,1
fraud_Schamberger-O'Keefe,2020-05-28,0.8171742695400647,1
fraud_Pacocha-O'Reilly,2020-05-29,0.8171742695400647,1
fraud_Schamberger-O'Keefe,2020-05-29,0.8171742695400647,1
fraud_Kuhic Inc,2020-06-06,0.8171742695400647,1
fraud_Bailey-Morar,2020-06-11,0.8171742695400647,1
fraud_Bailey-Morar,2020-06-12,0.8171742695400647,1
"fraud_Goldner, Kovacek and Abbott",2020-05-19,0.8171707715308815,1
"fraud_Schultz, Simonis and Little",2020-05-28,0.8171707715308815,1
"fraud_Schultz, Simonis and Little",2020-05-30,0.8171707715308815,1
fraud_Hackett-Lueilwitz,2020-05-10,0.8170935528043669,1
"fraud_Kovacek, Dibbert and Ondricka",2020-05-17,0.8170467198391305,1
fraud_McDermott-Weimann,2020-05-10,0.8170412168726553,1
fraud_McDermott-Weimann,2020-05-12,0.8170412168726553,1
fraud_Kuhic Inc,2020-05-28,0.8170412168726553,1
fraud_Hudson-Ratke,2020-05-26,0.8169109264353164,1
fraud_Koepp-Witting,2020-05-18,0.8169020694760732,1
fraud_Strosin-Cruickshank,2020-05-16,0.8168883882791433,1
"fraud_Casper, Hand and Zulauf",2020-05-21,0.8168769413735896,1
fraud_Bradtke PLC,2020-06-14,0.816845389136259,1
"fraud_Schultz, Simonis and Little",2020-05-11,0.8168452895973631,1
fraud_Kutch and Sons,2020-05-05,0.8168112462455513,1
"fraud_Casper, Hand and Zulauf",2020-05-02,0.8167881538937822,1
fraud_Cole PLC,2020-05-06,0.8167862525559836,1
fraud_Hudson-Ratke,2020-05-09,0.8167862525559836,1
fraud_Kutch and Sons,2020-05-29,0.8167862525559836,1
fraud_Kuhic Inc,2020-05-30,0.8167862525559836,1
fraud_Vandervort-Funk,2020-05-24,0.8167647280728417,1
fraud_Koepp-Witting,2020-05-26,0.8167057512942678,1
fraud_Kuhic Inc,2020-06-03,0.8167057512942678,1
fraud_Kuhic Inc,2020-05-10,0.8166872206404623,1
"fraud_Rowe, Batz and Goodwin",2020-05-24,0.8166872206404623,1
fraud_O'Keefe-Hudson,2020-05-01,0.8166637420529446,1
"fraud_Kuhic, Bins and Pfeffer",2020-05-22,0.8166539201353098,1
fraud_Koepp-Witting,2020-05-17,0.8166469547645877,1
"fraud_Goldner, Kovacek and Abbott",2020-05-24,0.816641380400463,1
"fraud_Goldner, Kovacek and Abbott",2020-05-14,0.8166412139298029,1
"fraud_Goldner, Kovacek and Abbott",2020-05-04,0.8165971707777495,1
"fraud_Schultz, Simonis and Little",2020-06-13,0.8165837032469171,1
fraud_Vandervort-Funk,2020-05-28,0.81656875956332,1
"fraud_Moen, Reinger and Murphy",2020-05-30,0.8165236874535207,1
fraud_Pacocha-O'Reilly,2020-05-08,0.8164756844616327,1
fraud_Bauch-Raynor,2020-06-01,0.8164597508446756,1
fraud_Padberg-Welch,2020-05-01,0.8164478929884462,1
fraud_DuBuque LLC,2020-05-02,0.8164478929884462,1
fraud_McDermott-Weimann,2020-05-03,0.8164478929884462,1
"fraud_Mosciski, Gislason and Mertz",2020-06-02,0.8164478929884462,1
fraud_Bailey-Morar,2020-06-13,0.8164478929884462,1
"fraud_Mosciski, Gislason and Mertz",2020-05-10,0.8164318738435662,1
fraud_O'Keefe-Hudson,2020-05-09,0.8164045693042058,1
fraud_Pacocha-O'Reilly,2020-06-06,0.8163762174684904,1
fraud_Kutch and Sons,2020-05-07,0.8163538009816823,1
fraud_Auer-Mosciski,2020-06-09,0.8163228172544421,1
"fraud_Casper, Hand and Zulauf",2020-05-14,0.8163199504328452,1
"fraud_Kovacek, Dibbert and Ondricka",2020-06-06,0.8163199504328452,1
fraud_Koepp-Witting,2020-05-09,0.8163156459217573,1
fraud_Auer-Mosciski,2020-05-05,0.8163115746047954,1
fraud_Terry-Huel,2020-05-03,0.8163115243368202,1
fraud_Wolf Inc,2020-05-22,0.8163019662406923,1
"fraud_Langworth, Boehm and Gulgowski",2020-05-09,0.8162862020572919,1
fraud_Cole PLC,2020-05-09,0.8162432036930153,1
fraud_Bauch-Raynor,2020-05-22,0.8162337685900993,1
fraud_Pacocha-Bauch,2020-05-01,0.8162214120209166,1
fraud_Wolf Inc,2020-06-04,0.8162166738864108,1
fraud_Bauch-Raynor,2020-05-24,0.8161786855539932,1
"fraud_Lockman, West and Runte",2020-06-08,0.8161441408007305,1
fraud_Deckow-O'Conner,2020-06-04,0.8160955590433555,1
fraud_Hackett-Lueilwitz,2020-06-11,0.8160955590433555,1
"fraud_Casper, Hand and Zulauf",2020-06-13,0.8160920688342307,1
"fraud_Casper, Hand and Zulauf",2020-06-14,0.8160920688342307,1
fraud_Murray-Smitham,2020-06-10,0.8160413901879406,1
fraud_McDermott-Weimann,2020-05-21,0.8160156760476699,1
"fraud_Schoen, Kuphal and Nitzsche",2020-05-21,0.815988322681236,1
fraud_Stracke-Lemke,2020-05-16,0.8159779324797047,1
fraud_Kuhic Inc,2020-05-22,0.8159779324797047,1
fraud_Kuhic Inc,2020-06-01,0.8159779324797047,1
fraud_Kuhic Inc,2020-05-09,0.8159593448260843,1
"fraud_Casper, Hand and Zulauf",2020-06-03,0.8159519264634066,1
"fraud_Schultz, Simonis and Little",2020-05-09,0.815948963250099,1
fraud_O'Keefe-Hudson,2020-06-14,0.815948963250099,1
fraud_Vandervort-Funk,2020-05-15,0.8159438170255753,1
"fraud_Schoen, Kuphal and Nitzsche",2020-06-12,0.8159379273352159,1
fraud_Rutherford-Mertz,2020-06-14,0.8159138485663145,1
fraud_Murray-Smitham,2020-05-10,0.8158723797723278,1
fraud_DuBuque LLC,2020-05-11,0.8158515459028597,1
fraud_Vandervort-Funk,2020-05-26,0.8158405194448574,1
fraud_Vandervort-Funk,2020-05-27,0.8158405194448574,1
fraud_Schamberger-O'Keefe,2020-06-03,0.8158174118610884,1
"fraud_Huel, Hammes and Witting",2020-05-24,0.8158138937425182,1
fraud_Miller-Hauck,2020-05-25,0.8157775498009594,1
fraud_Schamberger-O'Keefe,2020-06-10,0.8157728373605964,1
fraud_Schamberger-O'Keefe,2020-06-11,0.8157728373605964,1
fraud_Cole PLC,2020-05-07,0.8157471582047524,1
fraud_Cole PLC,2020-05-08,0.8157471582047524,1
fraud_Kutch and Sons,2020-06-11,0.8157208372502698,1
fraud_Cartwright-Harris,2020-06-12,0.81570869815579,1
"fraud_Goldner, Kovacek and Abbott",2020-05-05,0.8156560876693554,1
"fraud_Kovacek, Dibbert and Ondricka",2020-05-21,0.8156544837769518,1
fraud_Bogisich Inc,2020-06-13,0.8156466201505299,1
fraud_Lockman Ltd,2020-06-03,0.8156295144745671,1
fraud_Heidenreich PLC,2020-06-02,0.8156249001492936,1
fraud_Strosin-Cruickshank,2020-06-03,0.8156249001492936,1
fraud_Schamberger-O'Keefe,2020-06-06,0.8156249001492936,1
fraud_Pacocha-O'Reilly,2020-06-07,0.8156249001492936,1
fraud_Schamberger-O'Keefe,2020-06-07,0.8156249001492936,1
fraud_Murray-Smitham,2020-06-13,0.8156205890297797,1
fraud_Vandervort-Funk,2020-05-31,0.8155821173796209,1
fraud_Koepp-Witting,2020-06-14,0.8155728677223403,1
fraud_Goodwin-Nitzsche,2020-06-09,0.8155693698351771,1
fraud_Koepp-Parker,2020-05-03,0.815548381016039,1
fraud_Miller-Hauck,2020-05-21,0.815548381016039,1
fraud_Bailey-Morar,2020-05-25,0.8155375600158631,1
fraud_Stracke-Lemke,2020-06-07,0.8155173776723095,1
fraud_Rutherford-Mertz,2020-05-03,0.8155139630955299,1
fraud_Hackett-Lueilwitz,2020-06-10,0.8155139630955299,1
fraud_Kunze Inc,2020-06-05,0.8154822286392067,1
"fraud_Mosciski, Gislason and Mertz",2020-06-11,0.8154717458522183,1
"fraud_Rowe, Batz and Goodwin",2020-05-05,0.8154540580001066,1
"fraud_Casper, Hand and Zulauf",2020-05-19,0.8154540580001066,1
fraud_Schamberger-O'Keefe,2020-05-10,0.8154266332851544,1
fraud_Kunze Inc,2020-06-06,0.8154137953852048,1
fraud_Kunze Inc,2020-06-07,0.8154137953852048,1
fraud_Lockman Ltd,2020-05-03,0.8153462021834211,1
fraud_DuBuque LLC,2020-05-07,0.8153462021834211,1
fraud_DuBuque LLC,2020-05-08,0.8153462021834211,1
"fraud_Lockman, West and Runte",2020-05-11,0.8153462021834211,1
fraud_Stracke-Lemke,2020-05-17,0.8153462021834211,1
fraud_Padberg-Welch,2020-05-19,0.8153462021834211,1
fraud_Koepp-Witting,2020-05-24,0.8153462021834211,1
fraud_Koepp-Witting,2020-05-25,0.8153462021834211,1
"fraud_Goldner, Kovacek and Abbott",2020-05-28,0.8153462021834211,1
"fraud_Huel, Hammes and Witting",2020-05-28,0.8153462021834211,1
"fraud_Goldner, Kovacek and Abbott",2020-05-29,0.8153462021834211,1
"fraud_Goldner, Kovacek and Abbott",2020-05-30,0.8153462021834211,1
fraud_Hudson-Ratke,2020-05-22,0.8153385123736554,1
fraud_Auer-West,2020-05-02,0.8152762328598954,1
fraud_Cartwright-Harris,2020-05-13,0.8152188192996959,1
fraud_Strosin-Cruickshank,2020-05-11,0.8152140991077036,1
fraud_Kuhic Inc,2020-06-04,0.8152082525583487,1
"fraud_Schultz, Simonis and Little",2020-05-07,0.8151962935042993,1
fraud_O'Keefe-Hudson,2020-06-04,0.8151962935042993,1
"fraud_Lockman, West and Runte",2020-06-11,0.8151962935042993,1
fraud_Doyle Ltd,2020-05-26,0.815178709486293,1
fraud_Vandervort-Funk,2020-05-08,0.815142950513032,1
fraud_Pacocha-O'Reilly,2020-05-02,0.8150868643055499,1
fraud_Kiehn-Emmerich,2020-05-06,0.8150868643055499,1
"fraud_Little, Gutmann and Lynch",2020-05-13,0.815078919185897,1
fraud_Kutch and Sons,2020-05-11,0.815078634057698,1
fraud_Murray-Smitham,2020-06-12,0.8150583977221265,1
fraud_Barton Inc,2020-05-05,0.8150531231066978,1
fraud_Hackett-Lueilwitz,2020-05-12,0.8150531231066978,1
fraud_Lockman Ltd,2020-05-18,0.8150531231066978,1
fraud_Murray-Smitham,2020-05-22,0.8150531231066978,1
fraud_Murray-Smitham,2020-05-23,0.8150531231066978,1
fraud_Murray-Smitham,2020-05-24,0.8150531231066978,1
"fraud_Schoen, Kuphal and Nitzsche",2020-06-10,0.8150531231066978,1
fraud_Hudson-Ratke,2020-06-10,0.8150479982848561,1
fraud_Auer-Mosciski,2020-06-11,0.8150479982848561,1
fraud_Hackett-Lueilwitz,2020-06-12,0.8150479982848561,1
fraud_Kiehn-Emmerich,2020-05-25,0.8150454404509445,1
fraud_Padberg-Welch,2020-05-18,0.8150421530869221,1
fraud_Padberg-Welch,2020-06-03,0.8150421530869221,1
fraud_Murray-Smitham,2020-05-02,0.8150392421226955,1
fraud_Schumm PLC,2020-06-09,0.8150299663072619,1
"fraud_Schumm, Bauch and Ondricka",2020-05-03,0.8149992657665713,1
"fraud_Huel, Hammes and Witting",2020-05-10,0.8149959651074988,1
fraud_Barton Inc,2020-06-14,0.8149825456036267,1
fraud_Kuhic Inc,2020-05-15,0.8149795823644034,1
fraud_Kuhic Inc,2020-05-19,0.8149795823644034,1
fraud_Doyle Ltd,2020-05-28,0.8148687993749131,1
